category,Downloads
11/14/2025,7
11/15/2025,2
11/16/2025,5
11/17/2025,10
11/18/2025,11
11/19/2025,3
11/20/2025,2
11/21/2025,2
11/22/2025,1
11/23/2025,8
11/24/2025,3
11/25/2025,2
11/26/2025,2
11/27/2025,1
11/28/2025,1
11/29/2025,2
11/30/2025,1
12/01/2025,4
12/02/2025,6
12/03/2025,4
12/04/2025,1
12/05/2025,1
12/06/2025,1
12/07/2025,2
12/08/2025,4
12/09/2025,3
12/10/2025,11
12/11/2025,6
12/12/2025,2
12/13/2025,7
12/14/2025,2
12/15/2025,5
12/16/2025,1
12/17/2025,1
12/18/2025,1
12/19/2025,0
12/20/2025,3
12/21/2025,3
12/22/2025,2
12/23/2025,0
12/24/2025,0
12/25/2025,1
12/26/2025,1
12/27/2025,3
12/28/2025,2
12/29/2025,4
12/30/2025,7
12/31/2025,4
01/01/2026,13
01/02/2026,4
01/03/2026,2
01/04/2026,5
01/05/2026,5
01/06/2026,3
01/07/2026,2
01/08/2026,1
01/09/2026,3
01/10/2026,3
01/11/2026,2
01/12/2026,6
01/13/2026,3
01/14/2026,3
01/15/2026,6
01/16/2026,5
01/17/2026,4
01/18/2026,2
01/19/2026,9
01/20/2026,12
01/21/2026,7
01/22/2026,1
01/23/2026,2
01/24/2026,2
01/25/2026,5
01/26/2026,8
01/27/2026,3
01/28/2026,6
01/29/2026,2
01/30/2026,5
01/31/2026,4
02/01/2026,4
02/02/2026,1
02/03/2026,4
02/04/2026,3
02/05/2026,2
02/06/2026,1
02/07/2026,1
02/08/2026,2
02/09/2026,2
02/10/2026,6
02/11/2026,2
02/12/2026,6